{"cameraMode":{"drawMode":0,"name":"Shaded","section":"Shading Mode"},"sceneLighting":false,"audioPlay":false,"sceneViewState":{"showFog":true,"showMaterialUpdate":false,"showSkybox":false,"showFlares":true,"showImageEffects":true,"showParticleSystems":true},"in2DMode":false,"pivot":{"x":3.9000000953674318,"y":3.4000000953674318,"z":0.0},"rotation":{"x":-0.003626589896157384,"y":0.996070384979248,"z":-0.0736534520983696,"w":-0.04904535785317421},"size":1.4297802448272706,"orthographic":false}