{"cameraMode":{"drawMode":0,"name":"Shaded","section":"Shading Mode"},"sceneLighting":false,"audioPlay":false,"sceneViewState":{"showFog":true,"showMaterialUpdate":false,"showSkybox":false,"showFlares":true,"showImageEffects":true,"showParticleSystems":true},"in2DMode":false,"pivot":{"x":-6.586509704589844,"y":3.1890933513641359,"z":0.23027276992797852},"rotation":{"x":-0.00003068719888688065,"y":0.9996667504310608,"z":0.0011899343226104975,"w":0.025798028334975244},"size":5.628005027770996,"orthographic":false}